{"cameraMode":{"drawMode":0,"name":"Shaded","section":"Shading Mode"},"sceneLighting":true,"audioPlay":false,"sceneViewState":{"showFog":true,"showMaterialUpdate":false,"showSkybox":true,"showFlares":true,"showImageEffects":true,"showParticleSystems":true},"in2DMode":false,"pivot":{"x":-43.1432991027832,"y":8.579497337341309,"z":-44.44144058227539},"rotation":{"x":0.3087349534034729,"y":0.40788784623146059,"z":-0.148799329996109,"w":0.8462749123573303},"size":16.06074333190918,"orthographic":false}