{"cameraMode":{"drawMode":0,"name":"Shaded","section":"Shading Mode"},"sceneLighting":true,"audioPlay":false,"sceneViewState":{"showFog":true,"showMaterialUpdate":false,"showSkybox":false,"showFlares":true,"showImageEffects":true,"showParticleSystems":true},"in2DMode":false,"pivot":{"x":1.0629289150238038,"y":2.5739998817443849,"z":-3.6429290771484377},"rotation":{"x":0.17755664885044099,"y":0.6560051441192627,"z":-0.1628374308347702,"w":0.7153001427650452},"size":6.392949104309082,"orthographic":false}